非常好笑的笑话,捷豹给力,开心小笑话的素材来源于生活，所以笑话层出不穷，永不枯竭。防火防盗，防损友。想看更多精彩笑话，记得关注我们，每天都更新各类小笑话，总一个笑话让你欲罢不能。笑段网温馨提示：本文总共1079字1.妻子向丈夫夸耀自己：“看我多会过日子，衣服几个月洗
曹县真的很有钱吗？,青春永不言弃,中国一线城市“北上广曹”。“宁要曹县一张床，不要上海一套房”。曹县很火爆，大家都认为曹县非常富有。曹县科技实力雄厚，中国第一头克隆牛在曹县繁育。曹县是山东省管辖的一个县。位于山东、山东、江苏、河南、安徽四省八县交界处，地理位置优越。曹西安县
形容忙碌了一天开心回家的句子,吾爱尚美,小编整理了一些关于形容忙碌了一天开心回家的句子，希望大家喜欢呀1、忙碌的一天带了累，也带来了快乐，有些事，只要是自己认可的，累也无所谓。&ensp; &ensp;&ensp;2、有些累，为的就是最后一刻的荣誉，最后的
关于思念朋友的诗句,兰姿很香,关于思念朋友的诗句，由收集，希望有关于关于思念朋友的诗句的这篇文章，能对您有所帮助！床前明月光，疑是地上霜。举头望明月，低头思故乡。落红不是无情物，化作春泥更护花。－龚自珍《己亥杂诗》每当我想起家乡，眼前就浮现出那白云似的羊群，耳边就响起那
为高考加油的励志语句,吾爱轩尼诗,不会玩小编为大家收集整理了为高考加油的励志语句，如果觉得不错就请收藏一下，下面咱们一起来看一下吧！1、勤奋是走向成功的唯一途径。没有它，天才也会变成呆子。成功＝艰苦劳动＋正确方法＋少说空话。世界上最美好的东西，都是由劳动、由勤快的双手创造出
撕心裂肺的情话，撕心裂肺的句子,我爱保乐力加,1.每天早上醒来第一个想起的人还是你，我要多久才能忘记你？2.每一天只要一想到你，心就好痛，好累。3.我想哭，可是我已经不知道该怎么流泪了。4.走得最急的，都是最美的风景。伤的最深的，也总是那些最真的感情。5.在原谅与绝望之间游荡，唯一的感
网络经典骂人语录_网上经典骂人的话,画船听雨眠,简介网络经典骂人语录_网上经典骂人的话！想必你一定是人渣中的极品，禽兽中的禽兽。看看啊，你这小脸瘦得，都没个1、有了钱，你还是一样的肤浅；没了钱，能让你变的那么贱。2、见过丑的，没见过这么丑的。乍一看挺丑，仔细一看更丑！3、给老子摆正位置不
表达自己心情的诗句,蹲在街头看丝袜女,表达自己心情的诗句作者:佚名时间:2019-09-21浏览:19301、华灯纵博，雕鞍驰射，谁记当年豪举。——陆游《鹊桥仙·华灯纵博》2、童孙未解供耕织，也傍桑阴学种瓜。——范成大《夏日田园杂兴·其七》3、年来饮兴衰难强，漫有高吟力尚狂。—
每天早安心语,※挂在霧中,1.爱不上就挨不上，心碎时就让心睡，情尽时就图个清静。2.把身体照顾好，把喜欢的事做好，把重要的人待好，你要的一切都在路上！3.别对生活要求太多，生活才会充满惊喜。4.晨曦的阳光淌进窗户，给你送出我的祝福，打开手机查看，温馨，一点点爬上你的
古文经典语句,独自徘徊的夜晚,1、满招损，谦受益。——《尚书》2、智者千虑，必有一失;愚者千虑，必有一得。——《史记淮阴侯列传》3、天下事有难易乎?为之，则难者亦易矣;不为，则易者亦难矣。人之为学有难易乎?学之，则难者亦易矣;不学，则易者亦难矣。4、如切如磋，如琢如磨。
关于礼仪的名言警句-古代经典名言警句,给不了你嫁衣绝不碰你内衣,关于礼仪的名言警句-古代经典名言警句，这篇文章，由收集整理，希望这篇关于礼仪的名言警句-古代经典名言警句的文章，能对您有所帮助！●礼仪周全能息事宁人（儒贝尔）●头衔愈大，礼仪愈繁（丁尼生）●生命是短促的，然而尽管如此，人们还是有时间讲究礼仪
21个字的爱情语录短句,宝格丽给力,核心提示：　　可选中1个或多个下面的关键词，搜索相关资料。也可直接点搜索资料搜索整个问题。　　5、我相信了你编写的童话，自己就成了童可选中1个或多个下面的关键词，搜索相关资料。也可直接点“搜索资料”搜索整个问题。5、我相信了你编写的童话，自
关于立夏的谚语有哪些 立夏的俗话,眼霜女王,简介原标题：关于立夏的谚语有哪些 立夏的俗话 我们每个节气都是我们老祖宗通过对大自然的天气的总结，所以有很多的川北在线核心提示：原标题：关于立夏的谚语有哪些 立夏的俗话 我们每个节气都是我们老祖宗通过对大自然的天气的总结，所以有很多的节气他
职业目标规划分析,轩尼诗很香,职业目标规划分析：一、自我分析我是一个即将毕业的大专生，平日里是家里最大的希望，最大的愿望就是我能学有所成。课余时间我喜欢看说、散文，尤其爱看杂志类的书籍，我最爱去的地方就是图书馆。遇事沉着冷静的我喜欢交朋友，善于与人相处，做事认真，动手能
五四青年节短信,酒笙清栀,1、志向远大创伟业，胸襟广阔绘新图。2、心灵美好，爱国爱人民；情操高尚，有志有道德。3、发奋图强，成材不负青云志；继往开来，报国常怀赤子心。4、当代青年多壮志，今朝学士尽英才。5、四有新人创大业，八方俊彦绘宏图。6、乘四化春风，兴千伙伟业；
平日祝福短信,皇家礼炮很香,平日祝福短信1、月圆月缺，是幸福的流转；花开花谢，是春天的情怀；聚聚散散，是命运的纠缠；问候挂心，是关爱的语言；春天看鲜花娇艳，赏春景无限。祝你快乐在心田！2、朋友不一定常见面，也许偶尔没有时间联系，却永远不会忘了彼此；信息不一定很多字，也
关于热爱的名人名言,百龄坛真好,简介关于热爱的名人名言-读书对于一个有文化教养的人，是种高尚的享受；我珍视书籍，它是我热爱的癖好。以下是小编关于热爱的名人名言读书对于一个有文化教养的人，是种高尚的享受；我珍视书籍，它是我热爱的癖好。以下是小编给大家整理的关于热爱的名人名言
恋爱中肉麻的话，亲你一下我的宝贝,笑段资讯,☆亲爱的吃完饭了吗？在路上还是在家里？放心今晚我会陪你的。注意看手机！！吻你！☆亲你一下我的宝贝，我骑着我的马，牵着我的狗，带着我的猫，去找我的小宝贝。☆曾经迷惘的心中，是你牵引我走出寂寞。☆亲爱的，我想你！你现在在做什么？如果收到我的信息
新婚红包贺语,老娘不寂寞,新婚红包贺语（一）四字新婚红包贺语：志同道合、喜结良缘、百年好合珠联壁合、比翼高飞、连枝相依心心相印、同心永结、爱海无际情天万里、永浴爱河、恩意如岳知音百年、爱心永恒、白首偕老天长地久、恭贺新婚、婚礼吉祥新婚大禧、结婚嘉庆、新婚快乐龙凤呈祥
唐诗宋词精选,粉底液女王,玉骨那愁瘴雾，冰姿自有仙风。海仙时遣探芳丛。倒挂绿毛么凤。素面翻嫌粉涴，洗妆不褪唇红。高情已逐晓云空。不与梨花同梦。江城子·乙卯正月二十日夜记梦十年生死两茫茫，不思量，自难忘。千里孤坟，无处话凄凉。纵使相逢应不识，尘满面，鬓如霜。夜来幽梦忽
十一月早安心语,小雨润如酥,1.不管多险峻的高山，总会给勇敢的人留一条攀登的路。只要你肯迈步，路就会在你脚下延伸。2.匆匆走过本年度十个月，慢慢走好本年度最后两个月。3.刻意去找的东西，往往是找不到的。天下万物的来和去，都有他的时间。4.没什么值得畏惧，你唯一需要担心
孝敬父母的名人名言 关于孝敬父母的名言,资生堂很香,孝敬父母的名人名言 关于孝敬父母的名言，由整理，希望有关于孝敬父母的名人名言 关于孝敬父母的名言的这篇文章孝敬父母的名人名言 关于孝敬父母的名言能对您有所帮助！二 在怙恃的眼中，孩子常是自我的一部分，后代是他理想自我再来一次的时机。——费孝
光棍节经典语录,彩妆女神,光棍节经典语录1、自古英雄爱美女。现在也有说：自古美女爱英雄。2、今天晚上Night，我要找到1个漂亮美女，对她说“不”！3、爱尔兰一个不离婚的国家，一个一百年的约定。4、当思念来临时k唯一能做的就是让自己走的快一点。5、谎言太真、入戏太深
